artist,title,album,duration,seconds,release,popularity,cover,spotify
"No Mana, Fader Lima",Frozen Fireworks,Game Over,8:30,510.0,2016-09-02,0,https://i.scdn.co/image/ab67616d0000b27394ca720bf831e8e2a1b71628,https://open.spotify.com/track/0xF00mmBTUYhdr3sIQmrMf
deadmau5,GG,mau5ville: Level 2,8:30,510.0,2018-11-16,0,https://i.scdn.co/image/ab67616d0000b273e43aec063c63f4944cff939d,https://open.spotify.com/track/7l5oLpnhAk3CZwYp2nsXLx
Loco Dice,Paradiso,Harissa,8:30,510.09,2006-01-01,0,https://i.scdn.co/image/ab67616d0000b27343d2225773fe11148271381f,https://open.spotify.com/track/5YZUMjEqSaL2LKAw4rhjrE
ibi,Experience - 2020 Version,Experience (2020 Version),8:30,510.15,2020-10-24,8,https://i.scdn.co/image/ab67616d0000b2735314a7398d300d6789d80a9d,https://open.spotify.com/track/68JyBnSv70MUhyc7PJRXCw
"Howling, RY X, Frank Wiedemann",Phases,Colure,8:30,510.31,2020-07-24,38,https://i.scdn.co/image/ab67616d0000b273187f9f164334444bc54c17ae,https://open.spotify.com/track/316HQIEeu7EeElPEporxNN
Worakls,Sanctis,Sanctis,8:30,510.48,2017-09-15,41,https://i.scdn.co/image/ab67616d0000b27391afd9df4b0d39d3d3856acd,https://open.spotify.com/track/0sYcjK5OsztfAO3bfuqIdk
Wednesday,Bull Believer,Bull Believer,8:30,510.77,2022-09-08,0,https://i.scdn.co/image/ab67616d0000b27330f611915a41baa0e98cfa26,https://open.spotify.com/track/6wYlN6ikOUsS0PQEI4XJMl
TrOLL3R,Inspiration - Original Mix,My Opinion,8:30,510.97,2014-06-02,1,https://i.scdn.co/image/ab67616d0000b2731b885f93e797acf6d35fa933,https://open.spotify.com/track/1Gs9CwFTOxIV1QrgjAycm4
Blanck Mass,Hive Mind,World Eater,8:31,511.13,2017-03-03,20,https://i.scdn.co/image/ab67616d0000b27351065e9fb104229170e81438,https://open.spotify.com/track/1gJCgEStskLOejWE8mqwdM
deadmau5,Word Problems,For Lack Of A Better Name,8:31,511.39,2009-01-01,21,https://i.scdn.co/image/ab67616d0000b273d49d976721f4dc6b3c6225ad,https://open.spotify.com/track/3DDVX8aOI8C4aFWh6XzbLu
Endless Dive,Gravity Always Wins,Endless Dive,8:31,511.75,2016-11-21,18,https://i.scdn.co/image/ab67616d0000b273e97c8a611edf12f6544064ec,https://open.spotify.com/track/1zU5GkKgAY4ny3sz47hYls
C418,click,Cookie Clicker,8:32,512.0,2021-09-01,34,https://i.scdn.co/image/ab67616d0000b2731622bcd7b629c4f3f202e249,https://open.spotify.com/track/3YZEGmXOPD01c20O9K0Wp7
Plini,Paper Moon,The End of Everything,8:32,512.4,2015-03-11,37,https://i.scdn.co/image/ab67616d0000b2735aa0863155feef78807def5d,https://open.spotify.com/track/7x5EenGQuADy10WD8NkQBT
Yes,Roundabout - 2008 Remaster,Yesstory,8:32,512.57,1992-09-15,40,https://i.scdn.co/image/ab67616d0000b27368edf28bd07ef9602ae2609f,https://open.spotify.com/track/49hwyXw1fU4u00EKVnGawb
"Arthur Hnatek, Atrice",Croire - Atrice Remix,Croire (Atrice Remix),8:33,513.5,2025-11-21,5,https://i.scdn.co/image/ab67616d0000b27341e4d6708765c0bf3a96ff20,https://open.spotify.com/track/2pX73jWNnTLHg91As3P3XJ
Atlantik,Mont Blanc - Original Mix,Heist,8:33,513.5,2013-04-25,17,https://i.scdn.co/image/ab67616d0000b273386e3020d9ea3fef74aa0302,https://open.spotify.com/track/0Exj5vTM34CVW1NvewaZ6R
Dan Kubo,Flakes - Original Mix,Flakes,8:34,514.58,2013-06-10,0,https://i.scdn.co/image/ab67616d0000b273b3642445fb793ed30c6d62f2,https://open.spotify.com/track/5LzfbslbOkvPJtbFkToFMh
Rob Clouth,Casimir,Zero Point,8:34,514.6,2020-03-12,12,https://i.scdn.co/image/ab67616d0000b273be45b49be459ec5f173d2134,https://open.spotify.com/track/2fMw7KdOScbonxF2iWSuDp
Atlantik,Politbuero,Gezeitenkoenig,8:35,515.0,2014-08-11,19,https://i.scdn.co/image/ab67616d0000b273a46a4fd785a3f87e0dbaa028,https://open.spotify.com/track/5WUIMkEzzpAm9hcmSpejRT
Aphex Twin,Ziggomatic 17,Drukqs,8:35,515.35,2001-10-22,33,https://i.scdn.co/image/ab67616d0000b2732e261a0b1b19d0ff95e346b3,https://open.spotify.com/track/5aRwabnchcotjjCps4KIkx
Aphex Twin,Ziggomatic 17,Drukqs,8:35,515.35,2001-10-22,0,https://i.scdn.co/image/ab67616d0000b273a5aef98a1762d0f64bb6ed9a,https://open.spotify.com/track/5INiUKTgZ9RC1PY1qntPcq
C418,Taswell,Minecraft - Volume Beta,8:35,515.5,2013-11-09,5,https://i.scdn.co/image/ab67616d0000b2734cf0b29eb06a92aa96acae64,https://open.spotify.com/track/6PwVnlNwVKGD18lWNCh1It
Parcels,Everyroad,Parcels,8:35,515.89,2018-10-12,43,https://i.scdn.co/image/ab67616d0000b273d26bc8655d6132c9e243f82e,https://open.spotify.com/track/5233fZGEk0FY0AzdgLaWch
"David Maxim Micic, Dan Wieten",Satellite,ECO,8:36,516.28,2015-08-16,0,https://i.scdn.co/image/ab67616d0000b273621c58190643079d5dadf9d1,https://open.spotify.com/track/3p238pSOEGdfvWtwp75Ka8
Stil & Bense,Lilith,Lilith,8:37,517.34,2019-09-20,0,https://i.scdn.co/image/ab67616d0000b27333ca432a4eddbb92d02feb60,https://open.spotify.com/track/6yx9zRTFM0zvz9l1YBjnNj
Rival Consoles,Noise Call and Response II,Overflow,8:37,517.36,2021-12-03,11,https://i.scdn.co/image/ab67616d0000b27397d0ed5e1d15e6b069b277bf,https://open.spotify.com/track/6ufGhl9AkPCZl78JdvLELi
Vessels,Mobilise,The Great Distraction,8:37,517.41,2017-09-29,16,https://i.scdn.co/image/ab67616d0000b273f321d960ec83c1f30a7f1898,https://open.spotify.com/track/21wNfrKOnPW1qwrarhLD0o
Vessels,Mobilise,The Great Distraction,8:37,517.41,2017-09-29,0,https://i.scdn.co/image/ab67616d0000b273eec4a05494aed9a7d1243fb9,https://open.spotify.com/track/13QwzIEtbuOgHXbwonVNxR
the olllam,an exillle's dream,elllegy,8:38,518.4,2022-05-15,26,https://i.scdn.co/image/ab67616d0000b27385ba41a118e4d53232ef1636,https://open.spotify.com/track/5x8GIoIyhtl42P8jpZVKWm
deadmau5,4ware,W:/2016ALBUM/,8:39,519.02,2016-12-02,0,https://i.scdn.co/image/ab67616d0000b273a43f9418af7e912a42b40d27,https://open.spotify.com/track/0GOQeE4W4wKybv3xlta26G
deadmau5,4ware,W:/2016ALBUM/,8:39,519.1,2016-12-02,1,https://i.scdn.co/image/ab67616d0000b2739d899e2ff603f30ace1159a5,https://open.spotify.com/track/1ROBixGgXrYlcCcrBfxAoy
"Extrawelt, Dominik Eulberg",Not on a Map,A Little Further,8:39,519.43,2014-05-19,35,https://i.scdn.co/image/ab67616d0000b273cff287326bef5a7ae863d879,https://open.spotify.com/track/5iRQdyNBnvPv2ypxwHyELf
Fishmans,DAYDREAM,宇宙 日本 世田谷,8:39,519.76,1997-07-24,49,https://i.scdn.co/image/ab67616d0000b273f0848eae2594bbab3c3d4363,https://open.spotify.com/track/2BVeeIDSD2dCnkNMhGDYK4
Solomun & Stimming,Eiszauber,Feuer & Eis EP,8:39,519.79,2007-04-20,0,https://i.scdn.co/image/ab67616d0000b273f7efd536286e8d8419f3502e,https://open.spotify.com/track/1JsJq01ueQjdointwXVSYL
deadmau5,nosedive,Polar (Music from the Netflix Film),8:40,520.0,2019-01-25,0,https://i.scdn.co/image/ab67616d0000b2735e4598b3200dd93fba9a6fd8,https://open.spotify.com/track/5rtXelI2ZRBCpTGgstkGY2
DjRUM,Blue Violet,Portrait with Firewood,8:40,520.55,2018-08-17,41,https://i.scdn.co/image/ab67616d0000b2732d5af4187f948ca2be1f4ff8,https://open.spotify.com/track/1vFamdetUBxidfNQmOd2vk
Ben Lukas Boysen,Medela,Mirage,8:41,521.02,2020-05-01,30,https://i.scdn.co/image/ab67616d0000b2730b6a51c2dc3c3df9c3a743d1,https://open.spotify.com/track/1oSCxHOILkJAauPBzKBroD
Dapayk solo,Breaking The Clouds,Breaking The Clouds,8:41,521.1,2020-04-17,0,https://i.scdn.co/image/ab67616d0000b2739a65776559e12708b11c06ea,https://open.spotify.com/track/5dLkoocLN0wZPeV9NDMwlC
"deadmau5, Chris James",The Veldt,> album title goes here <,8:41,521.89,2012-01-01,52,https://i.scdn.co/image/ab67616d0000b2734adb471799a828cea0263e65,https://open.spotify.com/track/5YaqbhEmoxSpIbdBTPG6KQ
"Sebastian Mullaert, Joris Voorn",You're An Orchestra In The Cosmos - Joris Voorn Remix,You're An Orchestra In The Cosmos,8:42,522.07,2015-12-25,0,https://i.scdn.co/image/ab67616d0000b273c8af25bbc3936cf1ff6d238e,https://open.spotify.com/track/4EOxjNZtlZEUPO62UolMoK
Jane Remover,Video,Census Designated,8:42,522.87,2023-10-20,0,https://i.scdn.co/image/ab67616d0000b273fb00c3d046c9e0c64331e86d,https://open.spotify.com/track/09Ih7ZKVvDG6ykYznIdeHQ
"Danny Brown, ta Ukrainka, Zheani, Cynthoni",The End,Stardust,8:43,523.44,2025-11-07,38,https://i.scdn.co/image/ab67616d0000b273772613c0749e97abf3b9d035,https://open.spotify.com/track/0L3STJ13YPoscCLmzn9ziW
Microtrauma,Solitone - Original Mix,Solitone - EP,8:43,523.49,2012-08-10,8,https://i.scdn.co/image/ab67616d0000b27313b711c4533f6276adac3903,https://open.spotify.com/track/3mMdqGmZvhKvj9pf9FFdtl
Floating Points,Ocotillo,Cascade,8:43,523.56,2024-09-13,36,https://i.scdn.co/image/ab67616d0000b273e54a661b8aff6d4f2fe7aa29,https://open.spotify.com/track/4mVsLqaJtptz3QBzbuTiCS
Robert Glasper,Maiden Voyage / Everything In Its Right Place,In My Element,8:43,523.61,2007-01-01,46,https://i.scdn.co/image/ab67616d0000b273af23bc885cf6796ec81ce255,https://open.spotify.com/track/0jyXW8hxeIzX4QwznqVT0E
･ ･－･ ･－ ･･･ ･ －･･,－－ ･ －･･ ･ ･－･･ ･－,－－ ･ －･･ ･ ･－･･ ･－,8:44,524.02,2020-02-05,38,https://i.scdn.co/image/ab67616d0000b27333dc5a786539c4a296574f40,https://open.spotify.com/track/4akqPnWyCOWL0QNxQsXsNk
･ ･－･ ･－ ･･･ ･ －･･,－－ ･ －･･ ･ ･－･･ ･－,－－ ･ －･･ ･ ･－･･ ･－,8:44,524.02,2020-02-05,38,https://i.scdn.co/image/ab67616d0000b27333dc5a786539c4a296574f40,https://open.spotify.com/track/4akqPnWyCOWL0QNxQsXsNk
Chrome Sparks,Give It Up,Parallelism,8:44,524.22,2015-11-13,0,https://i.scdn.co/image/ab67616d0000b273b855f3318af2175248176c82,https://open.spotify.com/track/54J0gU3KrrihVjRiB1BWWZ
Portico Quartet,Rubidium,Portico Quartet,8:44,524.44,2011,14,https://i.scdn.co/image/ab67616d0000b27324bed9e0a2200bac2eb3f248,https://open.spotify.com/track/21NP3YSVDNHuA2hPFMpQrV
"Floating Points, Zongamin, Valentina Magaletti, Miriam Adefris","Mirror Pursuit (feat. Zongamin, Valentina Magaletti & Miriam Adefris)",Lazarus (Adult Swim Original Series Soundtrack),8:45,525.0,2025-04-11,23,https://i.scdn.co/image/ab67616d0000b273b8b846738b99b32371e003b0,https://open.spotify.com/track/6DzlWoBteomWfsLBm9To4z
"deadmau5, ATTLAS",bad at titles,"We Are Friends, Vol. 6",8:45,525.0,2017-03-24,0,https://i.scdn.co/image/ab67616d0000b2739129c125ccd828fe58ed0f43,https://open.spotify.com/track/6hK0irlXHoN9DeflWvkmKy
Polynation,Anther,SOMEWHERE,8:46,526.65,2015-08-28,0,https://i.scdn.co/image/ab67616d0000b27389fdc1ec5668fdd29a5960cc,https://open.spotify.com/track/72Gko345HYQu6gI3DWAZfL
NTO,Every Wall Is a Door,Every Wall Is a Door / The Gloomies,8:47,527.64,2012-08-17,34,https://i.scdn.co/image/ab67616d0000b273521b0d33d4b6220069f0bd8d,https://open.spotify.com/track/3vUSrErV2tv5lUmLwnE1RG
Vessels,Elliptic,Dilate (Special Edition),8:47,527.84,2016-04-01,30,https://i.scdn.co/image/ab67616d0000b273c1eea6b1e16e0b07d1051c54,https://open.spotify.com/track/3QvYXLJMZEV41QdFFFTHoD
Vessels,Elliptic,Dilate (Special Edition),8:47,527.84,2016-04-01,0,https://i.scdn.co/image/ab67616d0000b273c9fe602e44262736d270308e,https://open.spotify.com/track/6j6WfATnExJBUbJw4bBGak
DjRUM,Induction,Forgetting EP,8:50,530.83,2016-06-10,29,https://i.scdn.co/image/ab67616d0000b273833ab7c6597d6edb8616a203,https://open.spotify.com/track/4uFa6ccQxrZvk770D1E4OI
Max Cooper,Molten Landscapes,Chromos,8:51,531.42,2017-05-26,27,https://i.scdn.co/image/ab67616d0000b2738d5528e75aaeae772df4a2a4,https://open.spotify.com/track/7CkZIC2qC2D4eMU1eX7PIE
deadmau5,Fn Pig,> album title goes here <,8:51,531.98,2012-01-01,33,https://i.scdn.co/image/ab67616d0000b2734adb471799a828cea0263e65,https://open.spotify.com/track/5LZDSp62T8EAYyuyCcHnAl
Aparde,Loom,Loom,8:52,532.04,2015-01-30,26,https://i.scdn.co/image/ab67616d0000b273fd3f57d8e64f267007e7c387,https://open.spotify.com/track/2kCgb26PSKjgXZOrbP63Ke
Dominik Eulberg,Goldene Acht,Goldene Acht,8:52,532.24,2019-07-05,0,https://i.scdn.co/image/ab67616d0000b273c8035a8ce48bcb9cebcc19d9,https://open.spotify.com/track/0wMGlXj34dld1ovW8XT6zO
Floating Points,King Bromeliad,King Bromeliad / Montparnasse,8:52,532.5,2014-06-23,0,https://i.scdn.co/image/ab67616d0000b27359254a1e17989491af72a514,https://open.spotify.com/track/6f1S3mOpU4TeoTZOJCmRXl
Nils Frahm,More,Felt (Special Edition),8:55,535.73,2011-10-10,27,https://i.scdn.co/image/ab67616d0000b27302aa12db53652fd7c1370cb3,https://open.spotify.com/track/6ZUTYuWHy402p4alRpVzf4
Rodriguez Jr.,Baobab,Baobab,8:56,536.63,2017-06-02,0,https://i.scdn.co/image/ab67616d0000b27379e23148e52766a551b6e252,https://open.spotify.com/track/5b89kF5ByfLl4ThH2LSZEZ
D.Miller,Note B,All Notes,8:57,537.6,2018-07-23,2,https://i.scdn.co/image/ab67616d0000b273f6bcd52dc38b16d786e72dc0,https://open.spotify.com/track/6bePKb2QL2brusEuwEdRvy
Kiasmos,Thrown,Kiasmos,8:59,539.23,2014-10-27,53,https://i.scdn.co/image/ab67616d0000b273bb0ea18476f664df4f9fd460,https://open.spotify.com/track/6xzpUzzIquIyUzTLbbgSdI
Daniel Avery,Reputations,SAROS (Original Soundtrack),8:59,539.49,2026-05-22,31,https://i.scdn.co/image/ab67616d0000b2735d6ac4a14b60b757a909c2bb,https://open.spotify.com/track/1t1X8aN4V0n1jmPZJafzVB
Boris Brejcha,Purple Noise,Feuerfalter Part 02,8:59,539.52,2014-02-21,61,https://i.scdn.co/image/ab67616d0000b273f7d7b03b53a92c3ca51f67e0,https://open.spotify.com/track/6MoTeX5dtuPZ3hwaecuBkz
"Pan-Pot, Stephan Bodzin",Sleepless - Stephan Bodzin Remix,The Other Remixes,9:00,540.0,2015-12-25,0,https://i.scdn.co/image/ab67616d0000b27379a15e62ed1eda56e57adb8a,https://open.spotify.com/track/50MkrUXSXsS1Q1bn95XQcm
KAS:ST,Astral Talk,Road to Nowhere,9:00,540.34,2019-10-25,32,https://i.scdn.co/image/ab67616d0000b27332e6c3e39d0f28fa86ce721a,https://open.spotify.com/track/5rPEVJlL4x5hOGttmxnkF8
Rob Clouth,Shedding Layers,Transition,9:00,540.99,2018-02-23,8,https://i.scdn.co/image/ab67616d0000b273613e29c5d6bf3ef86fba5547,https://open.spotify.com/track/0vHSZ0ASWja0MvdabS8JLE
Eric Prydz,Opus,Opus,9:03,543.45,2016-02-05,66,https://i.scdn.co/image/ab67616d0000b27324492f2ba3a1d995e1faf5d8,https://open.spotify.com/track/3v2oAQomhOcYCPPHafS3KV
Plini,The Glass Bead Game,Impulse Voices,9:07,547.04,2020-11-27,33,https://i.scdn.co/image/ab67616d0000b273a89b3eb32273ffac4fd2f3f6,https://open.spotify.com/track/5wZWi4x6afEx6zQ4M1B90h
Rodriguez Jr.,Mistral - Stephan Bodzin Remix,Mistral (Remixes),9:07,547.26,2016-03-11,26,https://i.scdn.co/image/ab67616d0000b273c5cfff64b85cc033e249b696,https://open.spotify.com/track/4nvHVD7ydYxRcTt4zTX5hg
"Colleen D'agostino, deadmau5",Stay - drop the Poptart Edit,Collide,9:07,547.55,2015-03-15,50,https://i.scdn.co/image/ab67616d0000b2733a4d113dbe92f6fe672000b0,https://open.spotify.com/track/6rB8JdAL1cgrLnZMhANHWr
Stephan Bodzin,Diamant,Unity,9:07,547.91,2020-04-03,0,https://i.scdn.co/image/ab67616d0000b273e18f6613c8797619eaa07925,https://open.spotify.com/track/4umLzOBGXqKqNVAuYJqAGi
Marc Romboy,Beyond,Speicher 114,9:08,548.04,2020-02-14,24,https://i.scdn.co/image/ab67616d0000b273590ab4e2b3b0074d2de4c92c,https://open.spotify.com/track/7mBP9fo0krV2spidfoWI8V
Floating Points,Dexion,"Dexion (from ""LAZARUS"" Soundtrack)",9:08,548.24,2025-03-27,25,https://i.scdn.co/image/ab67616d0000b273684c4f7b122a31f787077d61,https://open.spotify.com/track/1S4VJpB3i8k2Y5m1fmgELM
Floating Points,Dexion,"Dexion (from ""LAZARUS"" Soundtrack)",9:08,548.24,2025-03-27,25,https://i.scdn.co/image/ab67616d0000b273684c4f7b122a31f787077d61,https://open.spotify.com/track/1S4VJpB3i8k2Y5m1fmgELM
Worakls,Nocturne,Nocturne,9:08,548.57,2017-02-24,45,https://i.scdn.co/image/ab67616d0000b27357e453e2894330917714700a,https://open.spotify.com/track/0QN5omDLKQj8Mdg3cajMuN
Colin Benders,Beving: Hanging D - Colin Benders Rework,ZERO (Hanging D Remixes),9:09,549.53,2021-07-14,3,https://i.scdn.co/image/ab67616d0000b2733cf4f42312f2591a5f069ef6,https://open.spotify.com/track/4vYZhYQpfHySUZVtA2jgXl
"Joep Beving, Colin Benders",Hanging D - Colin Benders Rework,Conatus,9:09,549.53,2018-09-28,19,https://i.scdn.co/image/ab67616d0000b2737820fc91d8c88dc568244691,https://open.spotify.com/track/4Z3hseuocqxUUadcDBOXhH
Lokane,Onism,Onism,9:10,550.0,2024-04-12,6,https://i.scdn.co/image/ab67616d0000b273813a803233963675f635a1ab,https://open.spotify.com/track/1drshoRZcuq2LIVautT0dV
"Magic Sword, The Toxic Avenger",The Curse (The Toxic Avenger Remix),Legend- EP (Deluxe Edition),9:10,550.2,2019-06-07,0,https://i.scdn.co/image/ab67616d0000b273f2280196d59890390153240b,https://open.spotify.com/track/2W1cR62CD7HUHCMzss9rPZ
Burial,Phoneglow,Phoneglow / Eyes Go Blank,9:10,550.68,2024-06-18,0,https://i.scdn.co/image/ab67616d0000b273caf8d2f2fe0b5d6e777c07d0,https://open.spotify.com/track/5EZcvtoZohyR3RdxgW85j9
Laurent Garnier,The Man With the Red Face - Video Edit,Unreasonable Behaviour,9:11,551.49,2000-02-07,48,https://i.scdn.co/image/ab67616d0000b273dfef3686e857771cb384e788,https://open.spotify.com/track/3FwsjsakjJkeLotPOGIr7s
Rone,Parade - Dominik Eulberg Remix,Parade (Remixes),9:14,554.48,2012-11-26,32,https://i.scdn.co/image/ab67616d0000b273f57dba79c209a66934e4e06d,https://open.spotify.com/track/4kEaTNNWoPiOOyXJnunpXe
Boucle Infinie,雨,直線移動,9:15,555.75,2017-11-24,27,https://i.scdn.co/image/ab67616d0000b273fe8a8c3a7f35ac3b403dfc5b,https://open.spotify.com/track/5KcmxKpoUE7TXGRA6iUNXA
deadmau5,Phantoms Can't Hang,while(1<2),9:15,555.77,2014-06-24,23,https://i.scdn.co/image/ab67616d0000b273d187000a5770a9179f8d99c5,https://open.spotify.com/track/2EydF6Rt3KjWk6fDXsqihQ
trentemøller,Snowflake,The Last Resort,9:18,558.01,2006-10-06,0,https://i.scdn.co/image/ab67616d0000b27316f19af631e813352ffb7b6f,https://open.spotify.com/track/5TssCy8jWgdqBNxapCNF3U
Jon Hopkins,Light Through The Veins,Insides,9:18,558.49,2009,38,https://i.scdn.co/image/ab67616d0000b273e021ba9b3cb2f941c7934c87,https://open.spotify.com/track/7dBbrLvzisvSSBPreD6nGS
"Ferdinand Dreyssig, Marvin Hey, Worakls",Coeur De La Nuit - Worakls Remix,Coeur de la nuit,9:20,560.08,2015-03-30,0,https://i.scdn.co/image/ab67616d0000b2731b908120dd482f6bfb06b56b,https://open.spotify.com/track/5dayqPrW7a4b2Skq3EcxWK
A Path Untold,The Air We Breathe,Realms of Solace,9:20,560.21,2024-12-06,4,https://i.scdn.co/image/ab67616d0000b2733f4b888f2af668eb1b6ec510,https://open.spotify.com/track/3mEirjsnl3pQ9dsMm2fCaP
Kiasmos,Burnt,Kiasmos,9:20,560.92,2014-10-27,41,https://i.scdn.co/image/ab67616d0000b273bb0ea18476f664df4f9fd460,https://open.spotify.com/track/1Qg4Da7hw0JlpjLMWwVDU8
"David Maxim Micic, Vladimir Lalić, Aleksandra Djelmas",Cry,BILO IV,9:21,561.08,2022-11-23,23,https://i.scdn.co/image/ab67616d0000b2734b5cd60090db78262cde7b64,https://open.spotify.com/track/4lUzbNvHHs9ab9U24yKdh1
Jon Hopkins,Collider,Immunity,9:21,561.69,2013-06-03,0,https://i.scdn.co/image/ab67616d0000b273235e762de339c6076aa824dd,https://open.spotify.com/track/2WjkOw9JVbvAdKKUaGs3OK
Franko Ovalles,Europa - Original Mix,Europa,9:22,562.26,2014-11-06,18,https://i.scdn.co/image/ab67616d0000b273f657510d39d2fe08ecd7350f,https://open.spotify.com/track/2PzuvGQm5mwzS1KLQhgjTX
"deadmau5, Kiesza",Bridged By A Lightwave,Bridged By A Lightwave,9:22,562.5,2021-01-22,45,https://i.scdn.co/image/ab67616d0000b273ec64f8c4c5d84a2c4e0ee335,https://open.spotify.com/track/5Cca3rAy0fvY2TGTCPGovV
"deadmau5, Kiesza",Bridged By A Lightwave,Bridged By A Lightwave,9:22,562.5,2020-11-10,0,https://i.scdn.co/image/ab67616d0000b27310c8acd10091286abda2808c,https://open.spotify.com/track/72WBelUIkvipTGV2q0basF
Ashbringer,Spiritual Architecture,Absolution,9:22,562.51,2019-06-28,23,https://i.scdn.co/image/ab67616d0000b273835a3c3710fdfca00a421b98,https://open.spotify.com/track/4aWXx6F0IKffa82oZyYMcO
"Lane 8, Massane",And We Knew It Was Our Time,Cross Pollination,9:23,563.3,2020-08-27,46,https://i.scdn.co/image/ab67616d0000b2738b30196bbda98bff4b039fc1,https://open.spotify.com/track/2tIv3DITNBTTayAM6Rewqi
Perturbator,God Complex,New Model,9:25,565.18,2017-09-05,0,https://i.scdn.co/image/ab67616d0000b27370eaa695a1043f5132d488a7,https://open.spotify.com/track/4m4Yj2z7CG1LUNbcg1uOP3
"deadmau5, Feed Me",Strobe - Feed Me Remix,Strobe (Remixes),9:26,566.65,2016-09-23,0,https://i.scdn.co/image/ab67616d0000b273289b1732270558630c9bd98a,https://open.spotify.com/track/1yRf18YMSZMBX0Oyuwq9YU
M|O|O|N,Alicia - Single Version,Alicia,9:28,568.65,2017-03-07,0,https://i.scdn.co/image/ab67616d0000b2735f410ad0ba6b43ba29b195ae,https://open.spotify.com/track/0Ld25Yu2iyMNYNeWQtiF64
Secede,Born in a Tropical Swamp,Tryshasla,9:29,569.0,2005-06-05,30,https://i.scdn.co/image/ab67616d0000b2737091516c791cdd1de8d46077,https://open.spotify.com/track/32itv2uOKRHSip4gtRqhBU
Chrome Sparks,Ride The White Lightning,Parallelism,9:29,569.98,2015-11-13,0,https://i.scdn.co/image/ab67616d0000b273b855f3318af2175248176c82,https://open.spotify.com/track/0ZnnvzCY0SHzv6k18PWczg
Ocoeur,Breath,Breath,9:30,570.23,2024-09-06,6,https://i.scdn.co/image/ab67616d0000b273334b8ea91d5ffbcde03a1f56,https://open.spotify.com/track/5G3Dvf1X89XxsCFg2D9v4E
Ben Frost,Theory of Machines,Theory of Machines,9:30,570.43,2007-02-01,0,https://i.scdn.co/image/ab67616d0000b273ae3f17e9db0f958a7ecd9cc5,https://open.spotify.com/track/3cmyHos30q47rAcxM9cZeH
Azaleh,Pathways,Realigning Energy,9:30,570.47,2026-03-01,17,https://i.scdn.co/image/ab67616d0000b2735a23dd3160d355df87d0ddca,https://open.spotify.com/track/5Y96HNlLwL24HJOk4E9WB6
Nathan Fake,The Sky Was Pink - Holden Remix,The Sky Was Pink,9:30,570.59,2004-08-23,44,https://i.scdn.co/image/ab67616d0000b273ce4111499da3f3e9d975ec6d,https://open.spotify.com/track/2oeEq7M17OE5rqcYYYHZet
deadmau5,XYZ,XYZ,9:35,575.62,2022-06-17,0,https://i.scdn.co/image/ab67616d0000b273e64a596a339de17afd2b2102,https://open.spotify.com/track/4zfmg3ZRGf3tTgr08tvu7c
deadmau5,XYZ,XYZ,9:35,575.62,2022-06-17,0,https://i.scdn.co/image/ab67616d0000b273a837d7585e91bbbbc05d17ba,https://open.spotify.com/track/7cbsuVHDGO1QWG15TUOOtp
RÜFÜS DU SOL,Innerbloom,Bloom,9:38,578.04,2016-06-03,1,https://i.scdn.co/image/ab67616d0000b2731e74f236c155409c79e2aa45,https://open.spotify.com/track/0KiAgTHemp1tC2ryqWsOSI
Mid-Air Thief,Crumbling Together,Crumbling,9:38,578.39,2018-07-31,32,https://i.scdn.co/image/ab67616d0000b273ce2eaf6dab7809d9ecf27a9f,https://open.spotify.com/track/7zCC8WCoGyxiBiPH9amkvS
deadmau5,Mercedes,while(1<2),9:38,578.4,2014-06-24,19,https://i.scdn.co/image/ab67616d0000b273d187000a5770a9179f8d99c5,https://open.spotify.com/track/6cz32tKqP3YxLQLcOAyAsQ
Lena Raine,Resurrections,Celeste (Original Soundtrack),9:38,578.65,2018-01-25,54,https://i.scdn.co/image/ab67616d0000b273b351fafcb334009c3216a039,https://open.spotify.com/track/3flQv4DNGg31Ic4vBv45Tj
Vijay Iyer Trio,Human Nature (Trio Extension),Accelerando (Bonus Track Version),9:39,579.16,2012-01-29,18,https://i.scdn.co/image/ab67616d0000b273806d79c0d84ec616dbe4e9f7,https://open.spotify.com/track/1aj5pTKPit19Rmmby4BfmC
deadmau5,Polaris,"We Are Friends, Vol. 6",9:45,585.0,2017-03-24,0,https://i.scdn.co/image/ab67616d0000b2739129c125ccd828fe58ed0f43,https://open.spotify.com/track/6Qng1hawspj0ddyexe0IHV
deadmau5,Input Output,some ep,9:48,588.25,2024-07-19,0,https://i.scdn.co/image/ab67616d0000b27396bfd971bbd9eb9622997da9,https://open.spotify.com/track/0fzP5cIsXW3NXOCgjjJPSR
deadmau5,Saved,Saved,9:48,588.75,2016-08-05,0,https://i.scdn.co/image/ab67616d0000b27323a455beedbd01c9765d89c4,https://open.spotify.com/track/2JjwR5GK8XZE0ZOiL1VBOf
"DJ Hell, Bryan Ferry",U Can Dance,Teufelswerk,9:50,590.33,2009-05-04,0,https://i.scdn.co/image/ab67616d0000b27300d42bb177b474cc6ac3b8ab,https://open.spotify.com/track/1tYnZX2e5Rvro46yxS47n1
A Path Untold,Vanishing Together,Realms of Solace,9:50,590.69,2024-12-06,5,https://i.scdn.co/image/ab67616d0000b2733f4b888f2af668eb1b6ec510,https://open.spotify.com/track/6LduYVnEsEa2DlfxvP9cnv
"deadmau5, Kaskade",I Remember,I Remember,9:53,593.6,2009-01-01,54,https://i.scdn.co/image/ab67616d0000b273ad55bea0de928a22db2caa93,https://open.spotify.com/track/2edcAWwKM7SQajsFGP0edC
Gas,Microscopic,Gas 0095,9:54,594.1,1995-01-01,26,https://i.scdn.co/image/ab67616d0000b2733d2c2dfb1afbc96c35976cef,https://open.spotify.com/track/3B067fW6z1fLwpO2CSaNtA
Rob Clouth,The Smallest Measurable Space,Hidden Structures,9:54,594.14,2015-09-18,4,https://i.scdn.co/image/ab67616d0000b2732eaadaa4318f5d305116133b,https://open.spotify.com/track/1RGgL3W7QbN6fh4LB9CCao
"Freedom Fighters, Mr. Bill, Sensient",Straya,Edge,9:54,594.63,2017-10-09,22,https://i.scdn.co/image/ab67616d0000b273f98433e9431a57d95b87143c,https://open.spotify.com/track/1N09aVaRHeA64JLyb9U9z3
Reid Willis,Sifting Through The Years,Sediment,9:55,595.5,2023-05-11,5,https://i.scdn.co/image/ab67616d0000b273e18fec18e0f88badf8990b26,https://open.spotify.com/track/1KtVxJvDvKMyIsOQV21Gks
deadmau5,The 16th Hour,For Lack Of A Better Name,9:55,595.59,2009-01-01,26,https://i.scdn.co/image/ab67616d0000b273d49d976721f4dc6b3c6225ad,https://open.spotify.com/track/6XmLwx2FpuY4k2u77Uai7C
A. G. Cook,Silver Thread Golden Needle,Britpop,9:56,596.77,2024-05-10,34,https://i.scdn.co/image/ab67616d0000b27344e729d1c94ac750ff3e96ca,https://open.spotify.com/track/2aeaJVKN7tytiBO5Hh5lBe
Jon Hopkins,Immunity,Immunity,9:56,596.77,2013-06-03,0,https://i.scdn.co/image/ab67616d0000b273235e762de339c6076aa824dd,https://open.spotify.com/track/1WOxGNutRwrbik8BA5f2AY
Daft Punk,Human After All / Together / One More Time / Music Sounds Better with You,Alive 2007,9:58,598.67,2007-11-19,50,https://i.scdn.co/image/ab67616d0000b273673288fb985e5c194536ae27,https://open.spotify.com/track/5q2KGgJV5l4MAnnGIrvKSK
Parannoul,White Ceiling,To See the Next Part of the Dream,10:00,600.0,2021-04-19,47,https://i.scdn.co/image/ab67616d0000b2731f478dacb513e939f5ac0586,https://open.spotify.com/track/0w5DKGccxr2uWY3pFbVeUS
Röyksopp,Alpha Male (Lost Tapes) [Live],Alpha Male (Lost Tapes) [Live],10:00,600.01,2020-08-07,23,https://i.scdn.co/image/ab67616d0000b27321d8464067958e7662759807,https://open.spotify.com/track/2wGwcj4sWNWiRaSBtlEGxx
"NTO, Worakls",Trauma - Worakls Remix,Hungry 5 (The Best of 5 Years),10:00,600.12,2018-11-09,57,https://i.scdn.co/image/ab67616d0000b273956b1c265311e7b01794ef0b,https://open.spotify.com/track/1uXUZfJykefWuwj9VtyxIq
Golden Vessel,getforward,getforward,10:00,600.25,2021-04-21,36,https://i.scdn.co/image/ab67616d0000b273138623c5674bb62d1960432c,https://open.spotify.com/track/1FT8VzkSDfH90Dc9XxjbEL
C418,Alpha,Minecraft - Volume Beta,10:03,603.0,2013-11-09,4,https://i.scdn.co/image/ab67616d0000b2734cf0b29eb06a92aa96acae64,https://open.spotify.com/track/0RZfz4zLlFb1lNtoEr7yDR
David Maxim Micic,Who Bit the Moon,Who Bit The Moon,10:06,606.56,2017-03-02,0,https://i.scdn.co/image/ab67616d0000b273200c40b07c4c65af45a43696,https://open.spotify.com/track/1v0ST6Rv78Hx8Aj4jhnLfh
David Maxim Micic,Who Bit the Moon,Who Bit the Moon,10:06,606.56,2017-03-02,0,https://i.scdn.co/image/ab67616d0000b2734220f4b6ee30a9f7652f3fcc,https://open.spotify.com/track/241GooWZ03E2fZ1G0hjMJw
"Max Cooper, Fort Romeau",Perpetual Motion - Fort Romeau's Love Eternal Mix,Yearning for the Infinite Remixed,10:13,613.18,2021-08-12,10,https://i.scdn.co/image/ab67616d0000b273dd64cb97e703874fc111c8d7,https://open.spotify.com/track/0fJoICbUeA1YTMgu8mA3Tm
No Mana,What's Your Wifi,5UP,10:14,614.5,2015-12-11,0,https://i.scdn.co/image/ab67616d0000b27359516ece5bbb71bc8707e759,https://open.spotify.com/track/4jfLrwc649vOd8e1259V7V
Aphex Twin,#19,#19,10:14,614.59,2024-06-18,55,https://i.scdn.co/image/ab67616d0000b273f1e4720ff2fc2405c92511c5,https://open.spotify.com/track/3zSBsvj6MWavRKfPE51395
Jamiroquai,Revolution 1993,Emergency on Planet Earth (Remastered),10:17,617.15,1993-06-14,52,https://i.scdn.co/image/ab67616d0000b273b6f13e40fbd883767da606bc,https://open.spotify.com/track/2oQLlmcEzbbbwvcHLLKkz1
Tigran Hamasyan,Out of the Grid,Mockroot,10:25,625.36,2015-01-23,26,https://i.scdn.co/image/ab67616d0000b273259a2f1f5ccc8e2bd97fbbec,https://open.spotify.com/track/1X0CGkkSBK6umJGL8PiZeE
Loco Dice,Raindrops On My Window,Harissa,10:28,628.2,2006-01-01,0,https://i.scdn.co/image/ab67616d0000b27343d2225773fe11148271381f,https://open.spotify.com/track/2qPP9zCNgcGfddLnTPFRcU
Aphex Twin,XMAS_EVET10 [120][thanaton3 mix],Syro,10:31,631.24,2014-09-22,44,https://i.scdn.co/image/ab67616d0000b2736ea96ba633bead24af562890,https://open.spotify.com/track/3QwQ9oyEWD1Ufx7WfiJ4bn
Aphex Twin,XMAS_EVET10 [120][thanaton3 mix],Syro,10:31,631.24,2014-09-19,0,https://i.scdn.co/image/ab67616d0000b2738b68d772e75d4f280cea0ef0,https://open.spotify.com/track/6CUxhtTkH0fSwfmsiOKPNV
Caterina Barbieri,Fantas,Ecstatic Computation,10:31,631.61,2019-05-03,0,https://i.scdn.co/image/ab67616d0000b273b6de88e33052318602e2ad97,https://open.spotify.com/track/0fjYD3Tx5XHuI4yfCjhUfU
deadmau5,Strobe,Strobe,10:34,634.15,2010-01-01,47,https://i.scdn.co/image/ab67616d0000b273ac4c76801e5286f371b5f4b1,https://open.spotify.com/track/4kJWtxDDNb9oAk3h7sX3N4
"The Irrepressibles, Röyksopp",In This Shirt - Royksopp Remix,In This Shirt,10:34,634.41,2016-12-29,60,https://i.scdn.co/image/ab67616d0000b273c40a86d8958055a11c4f8874,https://open.spotify.com/track/71Ci9E79HpYkqpnl9zSUOQ
deadmau5,Strobe,For Lack Of A Better Name,10:34,634.47,2009-01-01,44,https://i.scdn.co/image/ab67616d0000b273d49d976721f4dc6b3c6225ad,https://open.spotify.com/track/1sgyYCbGhkX3auLHCQ825G
Max Cooper,The Sun In A Box,On Being,10:45,645.0,2025-02-28,19,https://i.scdn.co/image/ab67616d0000b27373805db86a3b66b36d689635,https://open.spotify.com/track/7MlkDsu20cng48iJDHAIdu
Max Cooper,The Sun In A Box,The Sun In A Box,10:45,645.0,2024-09-04,13,https://i.scdn.co/image/ab67616d0000b273c8a51829e2eb9418343c8a02,https://open.spotify.com/track/3vBqcLQdyxpHqt8pCgCyz6
Nils Frahm,#2,Tripping with Nils Frahm,10:45,645.47,2020-12-03,29,https://i.scdn.co/image/ab67616d0000b27312bc0e7eb2838bf515407ff7,https://open.spotify.com/track/4clALeTwzxo59Qd9aBeVpU
Reid Willis,I am a Forest Fire,Reliquary,10:48,648.0,2025-07-11,7,https://i.scdn.co/image/ab67616d0000b2738cfaecca858b4bfb53711067,https://open.spotify.com/track/6eGrVKjNccjfH6hgZzNIO2
deadmau5,HR 8938 Cephei - Original Mix,HR 8938 Cephei (Original Mix),10:48,648.66,2011-01-01,33,https://i.scdn.co/image/ab67616d0000b2738ea77b5202ecd0f7fe6d9c5d,https://open.spotify.com/track/4ZkdFj5vG6uxkLMPOUUWKS
Epic Mountain,Moon Crash,Moon Crash,10:49,649.23,2022-02-08,20,https://i.scdn.co/image/ab67616d0000b273a97baa758298dea96cf1ecf4,https://open.spotify.com/track/1Z6pECI6oELT5uFxZxxFyN
Nathan Fake,Outhouse - Main Mix,Outhouse,10:53,653.53,2003-11-01,28,https://i.scdn.co/image/ab67616d0000b273e4f4be6dd22976fe28f5295c,https://open.spotify.com/track/4MAsspoTXq0qVrspy9D0zL
Nils Frahm,Sunson,Tripping with Nils Frahm,11:05,665.62,2020-12-03,31,https://i.scdn.co/image/ab67616d0000b27312bc0e7eb2838bf515407ff7,https://open.spotify.com/track/0Rw2CvZcW5UaPG2NyRC2hJ
"deadmau5, Grabbitz",Let Go - Extended Edit,W:/2016ALBUM/,11:31,691.37,2016-12-02,0,https://i.scdn.co/image/ab67616d0000b273a43f9418af7e912a42b40d27,https://open.spotify.com/track/6lk1X2t7OGIfe9rNCwTC0z
Epic Mountain,Loneliness,"Kurzgesagt, Vol. 5 (Original Motion Picture Soundtrack)",11:34,694.07,2018-12-26,34,https://i.scdn.co/image/ab67616d0000b2735dc62d661568dcaa3b18ce6a,https://open.spotify.com/track/7ETQN0uPcdGk4D43LtZI45
"deadmau5, Chris James",The Veldt - Original Mix,The Veldt EP,11:34,694.43,2012-01-01,23,https://i.scdn.co/image/ab67616d0000b2730bf9d5b6193062329e67fbed,https://open.spotify.com/track/14HVpSRZSmH2T9p6Wba7EH
Burial,Ashtray wasp,Street Halo / Kindred,11:45,705.19,2012-02-11,4,https://i.scdn.co/image/ab67616d0000b273db61d983bf0cb8aed9fc60e3,https://open.spotify.com/track/0vXSFoPqIVvS2NB7LgwGyT
"Rone, Les Siècles, François-Xavier Roth, Vanessa Wagner",Motion,Motion,11:47,707.57,2019-04-19,31,https://i.scdn.co/image/ab67616d0000b2731d806f53dbcded61df621dd4,https://open.spotify.com/track/1YqUm734e5Yv5BJEDhLYxK
"Rone, Les Siècles, François-Xavier Roth, Vanessa Wagner",Motion - Full Version,Motion,11:47,707.57,2019-05-15,20,https://i.scdn.co/image/ab67616d0000b273bf20b8557e56acad508254c3,https://open.spotify.com/track/1JRmiYrTWPMOGdPutuPFhp
Rival Consoles,Flow State,Overflow,11:53,713.84,2021-12-03,18,https://i.scdn.co/image/ab67616d0000b27397d0ed5e1d15e6b069b277bf,https://open.spotify.com/track/71pPOtqYpgK6jDePzumu3g
"Cult Of Luna, Julie Christmas, Perturbator",Cygnus (Remix),Cygnus (Remix),11:56,716.31,2018-06-15,24,https://i.scdn.co/image/ab67616d0000b27368487f98c96e80d0e62e13ea,https://open.spotify.com/track/1B0XWCdFJhyoXmcdPtyNFj
deadmau5,Re_Jaded,Jaded,12:00,720.0,2024-11-08,0,https://i.scdn.co/image/ab67616d0000b273b74cbf830fc9db9f748b18f8,https://open.spotify.com/track/5HDn8fl53QzZxejNpx1q9w
Burial,Comafields,Comafields / Imaginary Festival,12:03,723.15,2025-08-01,27,https://i.scdn.co/image/ab67616d0000b273efd5a31d68a049e8e128d169,https://open.spotify.com/track/1fZVOJkqVsjbh7TbRCcVlo
Burial,Comafields,Comafields / Imaginary Festival,12:03,723.15,2025-08-01,0,https://i.scdn.co/image/ab67616d0000b2737af5a46fe586a11fdb460c22,https://open.spotify.com/track/7C041UO4n5LmaPVcRaQfzc
Kendrick Lamar,Mortal Man,To Pimp A Butterfly,12:07,727.11,2015-03-16,58,https://i.scdn.co/image/ab67616d0000b273cdb645498cd3d8a2db4d05e1,https://open.spotify.com/track/1WT11QmhZutciEv1NsHt1R
Johannes Heil,From Within,From Within,12:19,739.52,2011-10-24,0,https://i.scdn.co/image/ab67616d0000b27311679f72a04b09971d79393a,https://open.spotify.com/track/2HkaC3MF4PgmNDTfIAF3cG
"Black Country, New Road",Basketball Shoes,Ants From Up There,12:37,757.44,2022-02-04,57,https://i.scdn.co/image/ab67616d0000b2730f4b994c518581bf62157c38,https://open.spotify.com/track/4ShVovnLIlObG43vwaCRkJ
clammbon,Long Song,Musical,12:50,770.45,2007-05-23,0,https://i.scdn.co/image/ab67616d0000b2734b54e0060461701d770f5d6b,https://open.spotify.com/track/4hkTw8RTuYnPuR2APo1Sd2
Ichiko Aoba,"Kikai Jikake no Uchu - ""gift"" live ver.","""gift"" at Sogetsu Hall (Live)",13:12,792.82,2020-04-03,0,https://i.scdn.co/image/ab67616d0000b273ea44e61de113027d8907a2b0,https://open.spotify.com/track/0Z4QmBnZTz3GXvycbFpytB
Ichiko Aoba,"Kikai Jikake no Uchu - ""gift"" live ver.","""gift"" at Sogetsu Hall (Live)",13:12,792.83,2020-04-03,24,https://i.scdn.co/image/ab67616d0000b273923e24c29f329baa2441bca8,https://open.spotify.com/track/48dnd4Y91letOoFd9Y0qTd
C418,Thunderbird,Excursions,13:27,807.5,2018-09-12,0,https://i.scdn.co/image/ab67616d0000b27326df17c3b7ec69320cffd276,https://open.spotify.com/track/73cL4GBPJv6LOdcrlPsoP5
Christian Löffler,Funebre,Parallels: Shellac Reworks By Christian Löffler,13:40,820.59,2021-02-12,25,https://i.scdn.co/image/ab67616d0000b2732ae3934450a9b0c4d9e5c3d3,https://open.spotify.com/track/0B2Bxv7NQkIZdqzrJewBNJ
Nils Frahm,Fundamental Values,Tripping with Nils Frahm,14:18,858.07,2020-12-03,31,https://i.scdn.co/image/ab67616d0000b27312bc0e7eb2838bf515407ff7,https://open.spotify.com/track/303wBZ12RXtPoSu9NBHLyT
Nils Frahm,All Melody,Tripping with Nils Frahm,14:18,858.4,2020-12-03,32,https://i.scdn.co/image/ab67616d0000b27312bc0e7eb2838bf515407ff7,https://open.spotify.com/track/3VL08woYdGK0MhyiO8ql8F
C418,The End,Minecraft - Volume Beta,15:04,904.53,2013-11-09,1,https://i.scdn.co/image/ab67616d0000b2734cf0b29eb06a92aa96acae64,https://open.spotify.com/track/3CaUrp1M3f4mDNI2IBbodz
Pachanga Boys,Time,Girlcatcher,15:13,913.21,2012-01-19,53,https://i.scdn.co/image/ab67616d0000b2734200ad0c96a4cbd49bc88415,https://open.spotify.com/track/6J3aUG1y0zSJXOnsLhx41h
Josh Cohen,Paranoid Android,Radiohead for Solo Piano,15:45,945.45,2019-12-06,21,https://i.scdn.co/image/ab67616d0000b273d7f5c3dca54cac977c173caa,https://open.spotify.com/track/7gnzY13rVKhdUJXFPXhOBC
Josh Cohen,It's in F Take 2,Life Drafts,15:51,951.9,2020-04-06,4,https://i.scdn.co/image/ab67616d0000b273f60868aeecf6eb115f3a548d,https://open.spotify.com/track/4JHeHrTFzWtkiik7bP4nV0
OKADA,The Right to Destroy Myself,Life Is but an Empty Dream,16:22,982.4,2019-05-24,24,https://i.scdn.co/image/ab67616d0000b2731c4523859afc61f29318fad6,https://open.spotify.com/track/0n3vfrEOEbmwJHSvJV4ij1
Digitalism,BLOCK02__HOT MOON MIAMI - Live,Idealism Live 2024 - London + Berlin,16:39,999.19,2024-11-08,9,https://i.scdn.co/image/ab67616d0000b273272c605788df7895de0d34e2,https://open.spotify.com/track/167vpYBEiB0htNTvQYp5oG
"Aoki Takamasa, Ichiro Yamaguchi",Reflects,Reflects,18:43,1124.0,2016-01-20,18,https://i.scdn.co/image/ab67616d0000b2739deb7d00b8821cbb793d5cb5,https://open.spotify.com/track/4WmEIvOQ6CMkqT0WTlYzDM
"Steve Reich, Gregor Schwellenbach, Hauschka, Erol Sarp, Daniel Brandt, Paul Frick, John Kameel Farah",Steve Reich: Six Pianos,Steve Reich: Six Pianos & Terry Riley: Keyboard Study #1,22:14,1334.08,2016-11-18,18,https://i.scdn.co/image/ab67616d0000b273a9073b7592dee1f67503c197,https://open.spotify.com/track/6DgU2wBWXvJvL9DcQjBYGY
